{
  "average_frame_build_time_millis": 3.021736842105263,
  "90th_percentile_frame_build_time_millis": 11.249,
  "99th_percentile_frame_build_time_millis": 12.603,
  "worst_frame_build_time_millis": 12.603,
  "missed_frame_build_budget_count": 0,
  "average_frame_rasterizer_time_millis": 0.48125000000000007,
  "stddev_frame_rasterizer_time_millis": 0.10272500000000002,
  "90th_percentile_frame_rasterizer_time_millis": 0.65,
  "99th_percentile_frame_rasterizer_time_millis": 0.926,
  "worst_frame_rasterizer_time_millis": 0.926,
  "missed_frame_rasterizer_budget_count": 0,
  "frame_count": 19,
  "frame_rasterizer_count": 20,
  "new_gen_gc_count": 4,
  "old_gen_gc_count": 4,
  "frame_build_times": [
    1723,
    361,
    156,
    12603,
    2286,
    439,
    218,
    12329,
    1453,
    368,
    186,
    11249,
    1501,
    297,
    149,
    10417,
    1236,
    271,
    171
  ],
  "frame_rasterizer_times": [
    926,
    539,
    456,
    373,
    529,
    419,
    555,
    436,
    487,
    364,
    400,
    368,
    650,
    459,
    360,
    364,
    710,
    421,
    464,
    345
  ],
  "frame_begin_times": [
    0,
    17174,
    33337,
    50033,
    67647,
    83863,
    100045,
    116739,
    133848,
    150040,
    166753,
    183369,
    200021,
    216707,
    233326,
    251684,
    266685,
    283412,
    300113
  ],
  "frame_rasterizer_begin_times": [
    0,
    5390,
    22454,
    38431,
    64835,
    73095,
    89210,
    105196,
    130889,
    139049,
    155346,
    171866,
    197053,
    205239,
    221943,
    238414,
    264949,
    271928,
    288620,
    305250
  ],
  "average_vsync_transitions_missed": 0.0,
  "90th_percentile_vsync_transitions_missed": 0.0,
  "99th_percentile_vsync_transitions_missed": 0.0,
  "average_vsync_frame_lag": 0.0,
  "90th_percentile_vsync_frame_lag": 0.0,
  "99th_percentile_vsync_frame_lag": 0.0,
  "average_layer_cache_count": 0.0,
  "90th_percentile_layer_cache_count": 0.0,
  "99th_percentile_layer_cache_count": 0.0,
  "average_frame_request_pending_latency": 10845.842105263158,
  "90th_percentile_frame_request_pending_latency": 15111.0,
  "99th_percentile_frame_request_pending_latency": 15415.0,
  "worst_layer_cache_count": 0.0,
  "average_layer_cache_memory": 0.0,
  "90th_percentile_layer_cache_memory": 0.0,
  "99th_percentile_layer_cache_memory": 0.0,
  "worst_layer_cache_memory": 0.0,
  "average_picture_cache_count": 0.0,
  "90th_percentile_picture_cache_count": 0.0,
  "99th_percentile_picture_cache_count": 0.0,
  "worst_picture_cache_count": 0.0,
  "average_picture_cache_memory": 0.0,
  "90th_percentile_picture_cache_memory": 0.0,
  "99th_percentile_picture_cache_memory": 0.0,
  "worst_picture_cache_memory": 0.0,
  "total_ui_gc_time": 6.914,
  "30hz_frame_percentage": 0.0,
  "60hz_frame_percentage": 100.0,
  "80hz_frame_percentage": 0.0,
  "90hz_frame_percentage": 0.0,
  "120hz_frame_percentage": 0.0,
  "illegal_refresh_rate_frame_count": 0,
  "average_gpu_frame_time": 3.90625,
  "90th_percentile_gpu_frame_time": 15.625,
  "99th_percentile_gpu_frame_time": 15.625,
  "worst_gpu_frame_time": 15.625,
  "average_gpu_memory_mb": 0.0,
  "90th_percentile_gpu_memory_mb": 0.0,
  "99th_percentile_gpu_memory_mb": 0.0,
  "worst_gpu_memory_mb": 0.0,
  "average_cpu_usage": 82.150001,
  "90th_percentile_cpu_usage": 86.200001,
  "99th_percentile_cpu_usage": 86.200001,
  "average_memory_usage": 288.90625,
  "90th_percentile_memory_usage": 289.375,
  "99th_percentile_memory_usage": 289.375
}